"","Day","Month","Year","Sal_mean","Sal_se","Sal_min","Sal_max"
"1",1,5,2019,12.9,0.1,10.5,15.4
"2",1,5,2020,19.6,0.1,17.5,22.2
"3",1,5,2021,25.7,0.1,23.8,28.1
"4",1,5,2022,21.6,0.1,19.6,24.3
"5",1,5,2023,17.8,0.2,14.6,20.1
"6",1,6,2018,26.4,0.1,25.5,27.9
"7",1,6,2019,22.5,0.1,21.6,24
"8",1,6,2020,26.3,0.1,25.1,28.1
"9",1,6,2021,27.3,0.1,25.8,29
"10",1,6,2023,22,0.1,20.5,24.3
"11",1,7,2018,28.1,0.1,27.1,29.4
"12",1,7,2019,24,0.1,23,25.6
"13",1,7,2020,28.7,0,28.1,29.6
"14",1,7,2021,30.7,0,30.4,31.1
"15",1,7,2022,28.9,0,28.1,29.7
"16",1,7,2023,21.1,0.1,19.9,23
"17",1,8,2018,26.1,0.1,24.7,27.6
"18",1,8,2019,27.3,0.1,26.2,28.7
"19",1,8,2020,29.9,0,29.6,30.5
"20",1,8,2021,18.6,0.1,17.4,19.8
"21",1,8,2022,30.6,0,28.7,31
"22",1,8,2023,24.1,0.1,22.6,26.7
"23",1,9,2018,26.4,0.1,24.9,28.1
"24",1,9,2019,28.3,0.1,27.5,29.5
"25",1,9,2020,30.9,0,30.5,31.2
"26",1,9,2021,24.6,0.1,23.5,26.1
"27",1,9,2022,30.7,0,30.5,30.9
"28",1,9,2023,24,0.1,22.7,26.4
"29",1,10,2018,23.4,0.1,21.4,25.6
"30",1,10,2019,30.8,0,30.4,31.2
"31",1,10,2020,31.7,0,31.6,31.8
"32",1,10,2021,26.2,0.1,25.3,27.5
"33",1,10,2022,29.9,0,29.4,30.8
"34",1,10,2023,22.5,0.1,20.5,25.4
"35",1,11,2018,21.9,0.1,16.8,24.3
"36",1,11,2019,25,0.1,24.2,26.9
"37",1,11,2020,29.8,0,29.4,30.6
"38",1,11,2021,19.8,0.1,18.1,22.5
"39",1,11,2022,26.8,0.1,25.7,28.5
"40",1,11,2023,24.7,0.1,23.2,26.9
"41",2,5,2019,13.5,0.1,10.9,16
"42",2,5,2020,18.7,0.1,16.8,20.7
"43",2,5,2021,25,0.1,23.6,27.3
"44",2,5,2022,22.1,0.1,20.4,24.7
"45",2,5,2023,14.2,0.1,12.6,16.3
"46",2,6,2018,26.6,0.1,25.6,28
"47",2,6,2019,22.7,0.1,21.6,24.4
"48",2,6,2020,26.7,0.1,25.5,28.8
"49",2,6,2021,26,0.2,15.2,28.1
"50",2,6,2022,26.5,0.1,25.9,27.6
"51",2,6,2023,22.7,0.1,21.2,25.1
"52",2,7,2018,27.9,0.1,26.6,29.1
"53",2,7,2019,24.1,0.1,23.2,25.9
"54",2,7,2020,28.3,0,27.6,29.3
"55",2,7,2021,30.6,0,30.3,31
"56",2,7,2022,29.1,0,28.7,29.8
"57",2,7,2023,21,0.1,19.7,23.7
"58",2,8,2018,26.2,0.1,24.8,27.5
"59",2,8,2019,27.6,0.1,26.6,29.1
"60",2,8,2020,30,0,29.1,30.5
"61",2,8,2021,18.2,0.1,17.1,19.5
"62",2,8,2022,30.7,0,30.1,31.1
"63",2,8,2023,24.3,0.1,22.8,27.1
"64",2,9,2018,26.7,0.1,25.3,28.5
"65",2,9,2019,28.5,0.1,27.8,29.7
"66",2,9,2020,31,0,30.8,31.2
"67",2,9,2021,24.4,0.1,22.9,25.5
"68",2,9,2022,30.6,0,30.6,30.9
"69",2,9,2023,24.2,0.1,22.9,26.2
"70",2,10,2018,23.6,0.1,21.6,26.3
"71",2,10,2019,30.8,0,30.5,31.2
"72",2,10,2020,31.6,0,30.7,31.8
"73",2,10,2021,26.4,0.1,25.4,27.9
"74",2,10,2022,30,0,29.6,30.9
"75",2,10,2023,23,0.1,21.4,25.8
"76",2,11,2018,21.8,0.1,19.9,24.2
"77",2,11,2019,24.2,0.1,23.3,26
"78",2,11,2020,29.7,0,29.3,30.4
"79",2,11,2021,17.4,0.1,16.1,18.7
"80",2,11,2022,26.8,0.1,26.1,28.2
"81",2,11,2023,24.3,0.1,22.9,25.8
"82",3,5,2019,13.9,0.1,11.5,16.5
"83",3,5,2020,17.8,0.1,15.9,20.6
"84",3,5,2021,24.4,0.1,23.3,26.3
"85",3,5,2022,22.2,0.1,20.7,24.6
"86",3,5,2023,11.9,0.1,11,13
"87",3,6,2018,26.7,0,25.9,27.9
"88",3,6,2019,22.9,0.1,21.7,25
"89",3,6,2020,27.2,0.1,26,28.8
"90",3,6,2021,26.5,0.1,25.5,27.8
"91",3,6,2022,26.7,0.1,25.9,28.1
"92",3,6,2023,23.6,0.1,22.1,26
"93",3,7,2018,27.7,0.1,26.7,28.9
"94",3,7,2019,24.4,0.1,23.3,26.2
"95",3,7,2020,28.1,0,27.6,29.3
"96",3,7,2021,30.6,0,29.9,31.2
"97",3,7,2022,29.2,0,28.8,29.8
"98",3,7,2023,19.9,0.2,17.1,23.5
"99",3,8,2018,26,0.1,24.8,27.4
"100",3,8,2019,28,0.1,27,29.3
"101",3,8,2020,30,0,27.8,30.6
"102",3,8,2021,17.9,0.1,16.6,20.1
"103",3,8,2022,30.8,0,29.2,31.1
"104",3,8,2023,24.6,0.1,23.2,26.9
"105",3,9,2018,27,0.1,25.4,28.6
"106",3,9,2019,28.6,0.1,27.8,29.6
"107",3,9,2020,31,0,30.8,31.2
"108",3,9,2021,22.3,0.1,19.9,24.8
"109",3,9,2022,30.7,0,30.6,31
"110",3,9,2023,24.4,0.1,23,26.6
"111",3,10,2018,23.6,0.1,21.6,25.9
"112",3,10,2019,30.8,0,30.5,31.2
"113",3,10,2020,31.7,0,31.6,31.8
"114",3,10,2021,26.6,0.1,25.7,28.2
"115",3,10,2022,30,0,29.7,30.7
"116",3,10,2023,23.3,0.1,21.5,25.8
"117",3,11,2018,20.4,0.1,16.4,23.1
"118",3,11,2019,24.1,0.1,23,25.6
"119",3,11,2020,29.4,0,29.2,30
"120",3,11,2021,16.8,0.1,15,19.8
"121",3,11,2022,26.9,0.1,26.1,28.6
"122",3,11,2023,23.8,0.1,22.1,25.5
"123",4,5,2018,18.7,0.2,16.7,20.7
"124",4,5,2019,14.6,0.1,12.2,17.4
"125",4,5,2020,18.1,0.1,15.9,20.7
"126",4,5,2021,24.2,0.1,23.3,25.9
"127",4,5,2022,22.2,0.1,20.2,24.5
"128",4,5,2023,11,0.1,8.8,13.1
"129",4,6,2018,26.8,0.1,26,28.1
"130",4,6,2019,22.9,0.1,21.9,25
"131",4,6,2020,27.6,0.1,26.5,29.2
"132",4,6,2021,26.2,0.1,24.4,27.5
"133",4,6,2022,26.6,0.1,25.8,27.9
"134",4,6,2023,24.4,0.1,22.6,26.9
"135",4,7,2018,27.6,0,26.6,28.6
"136",4,7,2019,24.7,0.1,23.6,26.5
"137",4,7,2020,28.1,0,27.7,29.3
"138",4,7,2021,30.3,0,29.8,30.6
"139",4,7,2022,29.3,0,28.8,29.8
"140",4,7,2023,18,0.2,15.2,21.7
"141",4,8,2018,25.4,0.1,20.7,26.9
"142",4,8,2019,28.3,0.1,27.3,29.5
"143",4,8,2020,29.9,0.1,27.7,30.6
"144",4,8,2021,18.3,0.1,16.7,20.9
"145",4,8,2022,30.9,0,30,31.2
"146",4,8,2023,25.2,0.1,23.9,27.3
"147",4,9,2018,27.1,0.1,26,28.8
"148",4,9,2019,28.7,0.1,27.9,29.8
"149",4,9,2020,30.9,0,30.8,31.2
"150",4,9,2021,20.8,0.1,19.2,23.2
"151",4,9,2022,30.7,0,30.6,31.1
"152",4,9,2023,24.8,0.1,23.1,26.9
"153",4,10,2018,23.1,0.1,21.2,25.5
"154",4,10,2019,30.9,0,30.5,31.2
"155",4,10,2020,31.7,0,31.6,31.8
"156",4,10,2021,26.9,0.1,25.9,28.4
"157",4,10,2022,30,0,29.8,30.8
"158",4,10,2023,23.6,0.1,22,25.8
"159",4,11,2018,16.7,0.1,14,19.8
"160",4,11,2019,23.8,0.1,23,25.2
"161",4,11,2020,29.4,0,29,30.2
"162",4,11,2021,17.3,0.2,15,21.5
"163",4,11,2022,27.1,0.1,26.4,28.7
"164",4,11,2023,23.5,0.1,22.6,24.8
"165",5,5,2018,18.9,0.1,17.1,21.3
"166",5,5,2019,15.1,0.1,12.9,18.1
"167",5,5,2020,18.5,0.1,16.5,21.1
"168",5,5,2021,24.1,0.1,23,25.8
"169",5,5,2022,22.2,0.1,20.5,24.2
"170",5,5,2023,10.3,0.1,7.8,13
"171",5,6,2018,26.9,0.1,26,28.1
"172",5,6,2019,23.3,0.1,21.9,25.6
"173",5,6,2020,27.8,0.1,26.9,29.4
"174",5,6,2021,26.3,0.1,25.4,27.7
"175",5,6,2022,26.4,0,25.7,27.6
"176",5,6,2023,24.9,0.1,23.3,27.4
"177",5,7,2018,27.6,0,26.8,28.6
"178",5,7,2019,25,0.1,23.8,26.8
"179",5,7,2020,28.2,0,27.8,29.3
"180",5,7,2021,29.5,0.1,26.5,30.4
"181",5,7,2022,29.4,0,29,29.9
"182",5,7,2023,16.5,0.2,14,20
"183",5,8,2018,24.6,0.1,22.8,26.2
"184",5,8,2019,28.5,0.1,27.4,29.6
"185",5,8,2020,30.2,0,28.8,30.6
"186",5,8,2021,19,0.1,17.3,21.1
"187",5,8,2022,30.6,0.1,26.8,31.1
"188",5,8,2023,25.4,0.1,24.2,27.4
"189",5,9,2018,27.5,0.1,26.2,29.3
"190",5,9,2019,28.7,0,28.1,29.7
"191",5,9,2020,30.9,0,30.8,31.2
"192",5,9,2021,20.3,0.1,18.4,22.7
"193",5,9,2022,30.4,0,29.8,30.8
"194",5,9,2023,25,0.1,23.8,27
"195",5,10,2018,22.9,0.1,20.7,25.6
"196",5,10,2019,30.8,0,30.5,31.1
"197",5,10,2020,31.7,0,31.6,31.8
"198",5,10,2021,27.1,0.1,26.1,28.7
"199",5,10,2022,30.2,0,29.9,31
"200",5,10,2023,23.6,0.1,22.5,25.7
"201",5,11,2018,15,0.2,11.4,19
"202",5,11,2019,23.8,0.1,22.8,25.3
"203",5,11,2020,29.2,0,28.9,30
"204",5,11,2021,18.5,0.2,15.6,23
"205",5,11,2022,27.4,0.1,26.5,28.9
"206",5,11,2023,23.5,0.1,22.7,24.8
"207",6,5,2018,18.9,0.1,17.1,21.1
"208",6,5,2019,15.7,0.1,13.6,19
"209",6,5,2020,19,0.1,16.7,22
"210",6,5,2021,23.5,0.1,22.1,25.1
"211",6,5,2022,22.1,0.1,20.5,24.1
"212",6,5,2023,10.5,0.2,8.3,13.5
"213",6,6,2018,26.9,0,26.2,28
"214",6,6,2019,23.4,0.1,21.4,26
"215",6,6,2020,28.1,0.1,27.3,29.6
"216",6,6,2021,26.2,0.1,24.3,27.5
"217",6,6,2022,26.3,0,25.6,27.2
"218",6,6,2023,25.1,0.1,23.7,27.5
"219",6,7,2018,27.8,0,26.9,28.7
"220",6,7,2019,25.4,0.1,24.1,27.2
"221",6,7,2020,28.2,0,27.7,29.3
"222",6,7,2021,28.4,0.1,24.6,30.2
"223",6,7,2022,29.4,0,28.7,30
"224",6,7,2023,16.2,0.2,13.9,19.9
"225",6,8,2018,23.8,0.1,21.9,25.7
"226",6,8,2019,28.6,0.1,27.8,29.7
"227",6,8,2020,30.2,0,28.5,30.7
"228",6,8,2021,19.3,0.1,17.4,21.7
"229",6,8,2022,30.5,0.1,25.5,31.2
"230",6,8,2023,25.6,0.1,24.3,27.3
"231",6,9,2018,27.8,0.1,26.8,29.4
"232",6,9,2019,28.8,0,28.2,29.9
"233",6,9,2020,30.9,0,30.8,31.2
"234",6,9,2021,20.8,0.1,19,23.5
"235",6,9,2022,30.2,0,30,30.8
"236",6,9,2023,25.2,0.1,24.1,26.9
"237",6,10,2018,23,0.1,21.4,25.7
"238",6,10,2019,30.8,0,30.7,31.2
"239",6,10,2020,31.7,0,30.6,31.8
"240",6,10,2021,27.4,0.1,26.1,29.1
"241",6,10,2022,30.2,0,29.2,31
"242",6,10,2023,23.8,0.1,22.3,25.5
"243",6,11,2018,14.8,0.2,11.2,19
"244",6,11,2019,23.6,0,22.7,24.7
"245",6,11,2020,29,0,28.7,29.9
"246",6,11,2021,19.2,0.2,16.4,23.7
"247",6,11,2022,27.7,0.1,26.8,29.3
"248",6,11,2023,23.5,0.1,22.7,24.7
"249",7,5,2018,19.1,0.1,17.4,21.2
"250",7,5,2019,16,0.1,14.1,19.3
"251",7,5,2020,20,0.2,17.7,23.4
"252",7,5,2021,22.7,0.1,20.8,24.4
"253",7,5,2022,22.1,0.1,20.9,23.8
"254",7,5,2023,11.9,0.2,9,15.3
"255",7,6,2018,26.8,0,25.8,27.7
"256",7,6,2019,22.9,0.1,20.9,25.4
"257",7,6,2020,28.3,0.1,27.3,29.6
"258",7,6,2021,26.5,0.1,25.7,27.9
"259",7,6,2022,26.3,0,25.7,27.3
"260",7,6,2023,25.4,0.1,22.1,27.6
"261",7,7,2018,27.9,0,27.2,28.9
"262",7,7,2019,25.7,0.1,24.4,27.4
"263",7,7,2020,28.3,0,27.8,29.2
"264",7,7,2021,28.3,0.1,26.1,29.7
"265",7,7,2022,29.4,0,28.9,30.1
"266",7,7,2023,16.4,0.2,14,19.8
"267",7,8,2018,23.2,0.1,21,25.8
"268",7,8,2019,28.8,0,28.1,29.8
"269",7,8,2020,30.3,0,29.3,30.7
"270",7,8,2021,19.7,0.1,18.1,22.2
"271",7,8,2022,30.7,0,27.9,31.3
"272",7,8,2023,25.8,0.1,24.6,27.5
"273",7,9,2018,28,0.1,26.9,29.5
"274",7,9,2019,29.1,0,28.5,29.9
"275",7,9,2020,31,0,30.8,31.2
"276",7,9,2021,21.3,0.1,19.5,23.9
"277",7,9,2022,30.1,0,29.9,30.7
"278",7,9,2023,25.3,0.1,24.3,26.8
"279",7,10,2018,23.2,0.1,21.1,25.9
"280",7,10,2019,30.9,0,30.7,31.1
"281",7,10,2020,31.7,0,31,31.8
"282",7,10,2021,27.6,0.1,26.3,29.3
"283",7,10,2022,30.3,0,29.9,31.1
"284",7,10,2023,24.1,0.1,23.2,26
"285",7,11,2018,14.7,0.2,12.1,18.2
"286",7,11,2019,23.5,0.1,22.4,25.1
"287",7,11,2020,28.9,0,28.5,29.8
"288",7,11,2021,20,0.2,17.4,24.3
"289",7,11,2022,27.9,0.1,27.1,29.4
"290",7,11,2023,23.5,0.1,22.4,24.8
"291",8,5,2018,19.1,0.1,17.5,21.1
"292",8,5,2019,16.5,0.1,14.8,19.5
"293",8,5,2020,20.8,0.1,18.7,24.2
"294",8,5,2021,22.4,0.1,20.8,24.4
"295",8,5,2022,22.2,0.1,21.1,23.6
"296",8,5,2023,13.1,0.2,10.2,16.6
"297",8,6,2018,26.6,0,25.9,27.6
"298",8,6,2019,22.4,0.1,20.6,24.9
"299",8,6,2020,28.5,0.1,27.7,29.7
"300",8,6,2021,26.6,0.1,25.8,27.9
"301",8,6,2022,26.4,0.1,25.6,27.5
"302",8,6,2023,25.3,0.1,20.3,27.5
"303",8,7,2018,28,0,27.1,29.1
"304",8,7,2019,26,0.1,24.8,27.5
"305",8,7,2020,28.4,0,27.9,29.3
"306",8,7,2021,28.2,0.1,27.3,29.5
"307",8,7,2022,29.5,0,29.1,30.3
"308",8,7,2023,17.1,0.2,13.7,20.1
"309",8,8,2018,23,0.1,20.9,26.3
"310",8,8,2019,28.6,0,27.7,29.5
"311",8,8,2020,30.4,0,30.2,30.7
"312",8,8,2021,20.3,0.1,18.6,23
"313",8,8,2022,30.7,0,29.7,31.2
"314",8,8,2023,25.9,0.1,24.7,27.4
"315",8,9,2018,28.4,0.1,27.4,29.8
"316",8,9,2019,28.9,0,28.5,29.7
"317",8,9,2020,31,0,30.9,31.2
"318",8,9,2021,22,0.1,20,24.5
"319",8,9,2022,30.1,0,29.9,30.8
"320",8,9,2023,25.3,0.1,24.5,26.6
"321",8,10,2018,23.7,0.1,21.8,26.3
"322",8,10,2019,30.7,0,30.5,31
"323",8,10,2020,31.7,0,31.7,31.8
"324",8,10,2021,27.9,0.1,26.4,29.6
"325",8,10,2022,30.4,0,30.1,31.2
"326",8,10,2023,24.3,0.1,23.5,25.6
"327",8,11,2018,14.2,0.2,11.7,17.8
"328",8,11,2019,23.7,0.1,22.8,25.1
"329",8,11,2020,28.9,0,28.5,29.9
"330",8,11,2021,20.8,0.2,18.4,25
"331",8,11,2022,27.9,0.1,27.2,29.5
"332",8,11,2023,23.4,0,22.9,24.4
"333",9,5,2018,19.4,0.1,17.9,21.2
"334",9,5,2019,17,0.1,14.6,20
"335",9,5,2020,21.3,0.1,19.2,24.8
"336",9,5,2021,22.2,0.1,20.9,24.5
"337",9,5,2022,22.2,0.1,20.7,23.6
"338",9,5,2023,14.3,0.2,11.2,18
"339",9,6,2018,26.6,0,25.9,27.9
"340",9,6,2019,22.2,0.1,20.3,24.5
"341",9,6,2020,28.6,0.1,27.9,29.7
"342",9,6,2021,26.8,0.1,25,27.9
"343",9,6,2022,26.4,0.1,25.6,27.5
"344",9,6,2023,25.6,0.1,24.3,27.6
"345",9,7,2018,28.3,0,27.4,29.6
"346",9,7,2019,26.3,0.1,25.1,27.7
"347",9,7,2020,28.4,0,27.9,29.3
"348",9,7,2021,28,0.1,26.7,29.4
"349",9,7,2022,29.6,0,29.2,30.4
"350",9,7,2023,17.9,0.2,15.3,20.9
"351",9,8,2018,23.4,0.1,21.5,26
"352",9,8,2019,28.5,0,27.8,29.4
"353",9,8,2020,30.4,0,29.5,30.7
"354",9,8,2021,21.1,0.1,19.2,23.6
"355",9,8,2022,30.8,0,29.5,31.2
"356",9,8,2023,24.4,0.1,23.5,25.5
"357",9,9,2018,28.8,0.1,27.9,30.2
"358",9,9,2019,29,0,28.5,30
"359",9,9,2020,31,0,30.9,31.2
"360",9,9,2021,22.7,0.1,20.7,25.5
"361",9,9,2022,30.1,0,29.9,30.8
"362",9,9,2023,25.2,0.1,24,26.6
"363",9,10,2018,24.1,0.1,21.4,26.8
"364",9,10,2019,30.7,0,30.5,31
"365",9,10,2020,31.8,0,31.7,31.9
"366",9,10,2021,28.2,0.1,27,29.8
"367",9,10,2022,30.6,0,30.2,31.2
"368",9,10,2023,24.1,0.1,23.2,25.6
"369",9,11,2018,14.4,0.2,11.3,18.6
"370",9,11,2019,23.4,0.1,21.2,25.2
"371",9,11,2020,28.9,0,28.6,29.7
"372",9,11,2021,21.3,0.2,18.9,24.8
"373",9,11,2022,28.1,0.1,26.5,30
"374",9,11,2023,23.4,0.1,22,25.1
"375",10,5,2018,19.9,0.1,18.3,22
"376",10,5,2019,17.4,0.2,15.2,20.8
"377",10,5,2020,21.2,0.1,19.5,24
"378",10,5,2021,22.2,0.1,20.9,24
"379",10,5,2022,22.1,0.1,20.6,23.7
"380",10,5,2023,14.7,0.2,12,18.1
"381",10,6,2018,26.8,0.1,25.9,28.5
"382",10,6,2019,22.2,0.1,20.4,24.6
"383",10,6,2020,28.6,0,27.6,29.6
"384",10,6,2021,27,0.1,24.6,28.2
"385",10,6,2022,26.2,0,25.4,27.2
"386",10,6,2023,25.8,0.1,24.6,27.6
"387",10,7,2018,28.5,0,27.7,29.7
"388",10,7,2019,26.5,0.1,25.4,27.8
"389",10,7,2020,28.5,0,28,29.3
"390",10,7,2021,26,0.1,23.1,28.6
"391",10,7,2022,29.7,0,29.4,30.5
"392",10,7,2023,18.6,0.2,16.4,21.6
"393",10,8,2018,23.9,0.1,22.2,26.8
"394",10,8,2019,28.3,0,27.7,29
"395",10,8,2020,30.4,0,29.6,30.7
"396",10,8,2021,21.7,0.1,19.8,24.2
"397",10,8,2022,30.8,0,28.7,31.2
"398",10,8,2023,22.9,0.1,21,24
"399",10,9,2018,29.2,0.1,28.2,30.5
"400",10,9,2019,29.1,0,28.7,30
"401",10,9,2020,30.9,0,30.9,31.1
"402",10,9,2021,23.1,0.1,21.1,25.5
"403",10,9,2022,30.1,0,29.9,30.7
"404",10,9,2023,25.3,0,24.5,26.5
"405",10,10,2018,24.5,0.1,22.5,27.3
"406",10,10,2019,30.7,0,30.6,31
"407",10,10,2020,31.7,0,30.4,32
"408",10,10,2021,28.3,0.1,26.9,30
"409",10,10,2022,30.7,0,30.3,31.4
"410",10,10,2023,24.2,0.1,23.4,25.6
"411",10,11,2018,15.2,0.2,11.6,18.7
"412",10,11,2019,23.7,0.1,22.3,25.6
"413",10,11,2020,29,0,28.4,29.9
"414",10,11,2021,21.8,0.1,19.5,24.9
"415",10,11,2022,28.5,0.1,27.6,30
"416",10,11,2023,23.3,0.1,21.5,25.3
"417",11,5,2018,20.2,0.1,18.7,22.3
"418",11,5,2019,18.5,0.1,16.2,20.6
"419",11,5,2020,21.7,0.1,19.6,24.6
"420",11,5,2021,22.6,0.1,21.1,24.5
"421",11,5,2022,22,0.1,20.5,23.7
"422",11,5,2023,16,0.2,13,19
"423",11,6,2018,27,0.1,26.2,28.5
"424",11,6,2019,22.6,0.1,21,24.8
"425",11,6,2020,28.7,0,27.8,29.5
"426",11,6,2021,27.4,0.1,26.2,28.5
"427",11,6,2022,25.8,0.1,25,27.3
"428",11,6,2023,25.8,0.1,24.6,27.4
"429",11,7,2018,28.8,0,27.9,29.8
"430",11,7,2019,26.7,0.1,25.9,28.1
"431",11,7,2020,28.6,0,28.1,29.3
"432",11,7,2021,23.4,0.1,20.2,26.3
"433",11,7,2022,29.9,0,29.5,30.5
"434",11,7,2023,18.8,0.1,16.7,21.2
"435",11,8,2018,24.3,0.1,21.8,27.1
"436",11,8,2019,28.4,0,27.7,29.2
"437",11,8,2020,30.5,0,30.3,30.7
"438",11,8,2021,22.3,0.1,20.5,24.8
"439",11,8,2022,30.8,0,27.9,31.3
"440",11,8,2023,22.1,0,21.5,23.1
"441",11,9,2018,29.3,0.1,28.3,30.5
"442",11,9,2019,29.2,0,28.6,30
"443",11,9,2020,30.8,0,30.5,31
"444",11,9,2021,22.3,0.1,20.6,24.6
"445",11,9,2022,30.1,0,29.9,30.8
"446",11,9,2023,25.4,0,24.6,26.5
"447",11,10,2018,25.2,0.1,23.4,28
"448",11,10,2019,30.8,0,30.6,31
"449",11,10,2020,31.8,0,31,32
"450",11,10,2021,28.5,0.1,27.2,30.1
"451",11,10,2022,30.8,0,30.5,31.4
"452",11,10,2023,24.5,0.1,23.8,25.8
"453",11,11,2018,13.4,0.1,10.6,15.9
"454",11,11,2019,23.8,0.1,22.5,25.7
"455",11,11,2020,29.1,0.1,28.4,30.3
"456",11,11,2021,21.8,0.1,19.9,24.7
"457",11,11,2022,28.5,0.1,27.6,30.4
"458",11,11,2023,23.5,0.1,22.1,25.4
"459",12,5,2018,20.5,0.1,18.6,23
"460",12,5,2019,18.7,0.1,16.3,21.6
"461",12,5,2020,22.2,0.1,20.5,24.5
"462",12,5,2021,22.7,0.1,21.3,24.6
"463",12,5,2022,22.1,0.1,20.5,24.3
"464",12,5,2023,17,0.2,13.9,20.1
"465",12,6,2018,27.4,0.1,26.4,28.8
"466",12,6,2019,22.4,0.1,20.7,24.8
"467",12,6,2020,28.6,0,28.2,29.3
"468",12,6,2021,27.4,0.1,24.9,28.8
"469",12,6,2022,25.7,0.1,24.8,27.3
"470",12,6,2023,25.8,0.1,24.7,27.6
"471",12,7,2018,29,0,28.3,30
"472",12,7,2019,26.8,0.1,25.8,28.2
"473",12,7,2020,28.8,0,28.3,29.3
"474",12,7,2021,21.7,0.1,18.6,24.5
"475",12,7,2022,30.1,0,29.7,30.8
"476",12,7,2023,18.7,0.1,16.9,21.2
"477",12,8,2018,24.7,0.2,21.9,27.6
"478",12,8,2019,28.3,0,27.5,29.3
"479",12,8,2020,30.5,0,30.4,30.7
"480",12,8,2021,23,0.1,20.9,25.2
"481",12,8,2022,31,0,29.6,31.3
"482",12,8,2023,21.5,0.1,20.6,23.2
"483",12,9,2018,29.1,0.1,28.1,30.3
"484",12,9,2019,29.3,0,28.6,30.1
"485",12,9,2020,30.8,0,30.7,31.1
"486",12,9,2021,22,0.1,20.1,24.8
"487",12,9,2022,30.2,0,29.9,30.8
"488",12,9,2023,25.2,0.1,24.3,26.6
"489",12,10,2018,25.4,0.1,23.7,27.6
"490",12,10,2019,30.8,0,30.7,31.1
"491",12,10,2020,31.7,0.1,24.2,32
"492",12,10,2021,28.6,0.1,27.6,30.1
"493",12,10,2022,31.1,0,30.5,31.9
"494",12,10,2023,24.6,0.1,23.3,26.1
"495",12,11,2018,12.8,0.2,10.3,15.8
"496",12,11,2019,24.3,0.1,22.8,26.6
"497",12,11,2020,29.2,0.1,28.5,30.3
"498",12,11,2021,22.4,0.1,20.3,24.8
"499",12,11,2022,28.6,0.1,27.1,30
"500",12,11,2023,23.7,0.1,22.5,26
"501",13,5,2018,21.1,0.1,19.4,23.3
"502",13,5,2019,19.2,0.2,15.3,22.2
"503",13,5,2020,22,0.1,20.5,23.8
"504",13,5,2021,22.9,0.1,21.4,25
"505",13,5,2022,22.4,0.1,20.8,24.4
"506",13,5,2023,17.9,0.2,15,20.7
"507",13,6,2018,27.6,0.1,26.8,29.1
"508",13,6,2019,22.6,0.1,21.2,25
"509",13,6,2020,28.6,0,28.2,29.1
"510",13,6,2022,25.9,0.1,24.7,27.7
"511",13,6,2023,25.9,0.1,24.9,27.7
"512",13,7,2018,29.3,0,28.6,30.4
"513",13,7,2019,26.6,0.1,25.6,28
"514",13,7,2020,28.6,0,28.2,29.2
"515",13,7,2021,20.1,0.2,17.1,23.2
"516",13,7,2022,30.1,0,29.7,30.9
"517",13,7,2023,19,0.1,17.4,21.6
"518",13,8,2018,25,0.1,22.4,27.8
"519",13,8,2019,28.4,0,27.7,29.5
"520",13,8,2020,30.5,0,30.4,30.7
"521",13,8,2021,23.5,0.1,21.7,25.6
"522",13,8,2022,31,0,26.8,31.4
"523",13,8,2023,21.6,0.1,20.5,23.3
"524",13,9,2018,28.9,0,28.2,29.9
"525",13,9,2019,29.4,0,28.8,30.2
"526",13,9,2020,30.8,0,30.7,31.1
"527",13,9,2021,21.8,0.1,20,24.5
"528",13,9,2022,30.4,0,30,31
"529",13,9,2023,24.6,0.1,22.1,26.5
"530",13,10,2018,25,0.1,23.5,27.1
"531",13,10,2019,30.8,0,30.6,31.1
"532",13,10,2020,31.8,0,31.5,32
"533",13,10,2021,28.7,0.1,27.7,30
"534",13,10,2022,31.3,0,30.9,31.8
"535",13,10,2023,25,0.1,22.6,26.4
"536",13,11,2018,13.5,0.2,10.4,16.8
"537",13,11,2019,24.3,0.1,22.5,26.3
"538",13,11,2020,29.4,0.1,28.7,30.7
"539",13,11,2021,21.3,0.1,19.3,23.2
"540",13,11,2022,28.1,0,27.6,29.2
"541",13,11,2023,24.1,0.1,22.8,26.6
"542",14,5,2018,21.8,0.1,20.1,24
"543",14,5,2019,20.1,0.1,18.1,22.9
"544",14,5,2020,21.8,0.1,20.2,23.7
"545",14,5,2021,23.1,0.1,21.8,25.2
"546",14,5,2022,22.9,0.1,21.6,25
"547",14,5,2023,18.5,0.2,16.2,21.5
"548",14,6,2018,28.2,0.1,27.2,29.7
"549",14,6,2019,22.8,0.1,21.5,24.6
"550",14,6,2020,28.7,0,28.4,29.2
"551",14,6,2022,26,0.1,24.3,28
"552",14,6,2023,26,0.1,25,27.7
"553",14,7,2018,29.6,0,28.9,30.5
"554",14,7,2019,26.5,0.1,25.6,28
"555",14,7,2020,28.4,0,28.1,28.9
"556",14,7,2021,19.1,0.2,15.8,22.1
"557",14,7,2022,30.2,0,29.3,31.1
"558",14,7,2023,19.2,0.1,17.7,21.5
"559",14,8,2018,25.2,0.1,22.8,27.9
"560",14,8,2019,28.4,0,27.6,29.5
"561",14,8,2020,30.6,0,30.5,30.8
"562",14,8,2021,24.1,0.1,22.3,26.2
"563",14,8,2022,31.1,0,30,31.3
"564",14,8,2023,21.5,0.1,20.4,23.6
"565",14,9,2018,28.6,0,27.5,29.6
"566",14,9,2019,29.5,0,29,30.2
"567",14,9,2020,30.9,0,30.8,31.1
"568",14,9,2021,22,0.1,20,25
"569",14,9,2022,30.5,0,30.2,31
"570",14,9,2023,23.9,0.1,22.6,25.6
"571",14,10,2018,24.6,0.1,23,26.2
"572",14,10,2019,30.8,0,30.6,31.2
"573",14,10,2020,31.6,0,31.5,31.8
"574",14,10,2021,28.7,0.1,27.9,29.8
"575",14,10,2022,31,0,30.7,31.6
"576",14,10,2023,25.2,0.1,24,26.8
"577",14,11,2018,11.9,0.1,8.6,13.7
"578",14,11,2019,24.4,0.1,22.9,27
"579",14,11,2020,29.6,0.1,28.9,30.8
"580",14,11,2021,19.8,0.1,18.2,21.2
"581",14,11,2022,27.5,0,25.8,27.8
"582",14,11,2023,24.6,0.1,23.2,27.1
"583",15,5,2018,22.5,0.1,20.8,25
"584",15,5,2019,20,0.1,17.9,22.4
"585",15,5,2020,21.7,0.1,19.8,23.9
"586",15,5,2021,23.4,0.1,22,25.4
"587",15,5,2022,23.6,0.1,22.2,25.9
"588",15,5,2023,19.3,0.1,16.9,22.4
"589",15,6,2018,28.4,0.1,27.6,29.9
"590",15,6,2019,22.8,0.1,21.5,25
"591",15,6,2020,28.7,0,28.4,29.3
"592",15,6,2021,28.2,0.1,27.4,29.1
"593",15,6,2022,26.3,0.1,24.9,28.2
"594",15,6,2023,25.9,0.1,24.9,27.9
"595",15,7,2018,29.7,0,29,30.6
"596",15,7,2019,26.5,0.1,25.8,27.8
"597",15,7,2020,28.2,0,26,28.9
"598",15,7,2021,18.5,0.2,15,21.6
"599",15,7,2022,30.1,0.1,27.2,31.1
"600",15,7,2023,19.5,0.1,18.1,21.9
"601",15,8,2018,24.7,0.1,22.1,27.7
"602",15,8,2019,28.5,0,27.7,29.5
"603",15,8,2020,30.6,0,30.5,30.9
"604",15,8,2021,24.4,0.1,22.9,26.6
"605",15,8,2022,31.1,0,29,31.3
"606",15,8,2023,21.6,0.1,20.3,23.4
"607",15,9,2018,28.5,0,27.8,29.5
"608",15,9,2019,29.6,0,29.1,30.3
"609",15,9,2020,30.9,0,30.8,31.2
"610",15,9,2021,22.4,0.1,20.4,25.3
"611",15,9,2022,30.5,0,30.3,31
"612",15,9,2023,23.4,0.1,22.1,24.9
"613",15,10,2018,24.2,0.1,22.9,26.3
"614",15,10,2019,30.8,0,30.6,31.2
"615",15,10,2020,31.2,0.1,29.5,31.8
"616",15,10,2021,28.6,0,28,29.8
"617",15,10,2022,30,0,29.3,30.7
"618",15,10,2023,25.6,0.1,24.5,27.5
"619",15,11,2018,10.4,0.1,8.1,12.9
"620",15,11,2019,24.9,0.1,23.5,27.2
"621",15,11,2020,29.7,0.1,28.9,31
"622",15,11,2021,19,0.1,17.2,21.5
"623",15,11,2022,27,0,26.6,27.6
"624",15,11,2023,24.7,0.1,23.4,27.2
"625",16,5,2018,23,0.1,21.3,25.6
"626",16,5,2019,19.7,0.1,17.8,22.3
"627",16,5,2020,22,0.1,20.5,23.7
"628",16,5,2021,23.8,0.1,22.5,25.7
"629",16,5,2022,24.3,0.1,22.8,26.7
"630",16,5,2023,20.1,0.1,18,23.1
"631",16,6,2018,28.7,0.1,27.9,30.1
"632",16,6,2019,23,0.1,21.7,25.3
"633",16,6,2020,28.8,0,28.4,29.4
"634",16,6,2021,28.5,0,27.7,29.5
"635",16,6,2022,26.6,0.1,25.6,28.6
"636",16,6,2023,25.8,0.1,25,27.7
"637",16,7,2018,29.8,0,29.2,30.6
"638",16,7,2019,26.6,0.1,25.7,27.9
"639",16,7,2020,28.3,0,26,28.8
"640",16,7,2021,18.5,0.2,15.3,21.1
"641",16,7,2022,30.2,0.1,27.8,31.2
"642",16,7,2023,19.9,0.1,18.2,22.3
"643",16,8,2018,24.2,0.1,22.1,26.7
"644",16,8,2019,28.6,0,27.7,29.6
"645",16,8,2020,30.7,0,30.6,30.9
"646",16,8,2021,24.8,0.1,23.4,27.1
"647",16,8,2022,31.1,0,30.2,31.3
"648",16,8,2023,21.8,0.1,20.4,23.8
"649",16,9,2018,28.4,0,27.6,29.4
"650",16,9,2019,29.7,0,29.3,30.4
"651",16,9,2020,31,0,30.9,31.3
"652",16,9,2021,22.5,0.1,21,25.1
"653",16,9,2022,30.5,0,30.4,30.9
"654",16,9,2023,23.5,0.1,21.8,25.2
"655",16,10,2018,24,0.1,20.8,25.4
"656",16,10,2019,30.8,0,30.6,31.1
"657",16,10,2020,31.5,0,31.3,31.7
"658",16,10,2021,28.7,0,27.9,29.9
"659",16,10,2022,28.8,0,28,29.5
"660",16,10,2023,25.9,0.1,23.3,27.7
"661",16,11,2018,12.3,0.2,8.2,16.1
"662",16,11,2019,24.9,0.1,23.7,27.1
"663",16,11,2020,29.9,0.1,29.2,31.1
"664",16,11,2021,18.2,0.1,16.8,20.1
"665",16,11,2022,26.7,0,26.3,27.3
"666",16,11,2023,24.9,0.1,23.5,27.1
"667",17,5,2018,23.6,0.1,22,26.3
"668",17,5,2019,20,0.1,18.3,22.6
"669",17,5,2020,21.7,0.1,20.1,23.4
"670",17,5,2021,24.1,0.1,23,25.8
"671",17,5,2022,24.8,0.1,23.4,27.3
"672",17,5,2023,21,0.1,19.1,23.7
"673",17,6,2018,28.9,0.1,28,30.1
"674",17,6,2019,23.1,0.1,21.8,25.5
"675",17,6,2020,28.9,0,28.5,29.4
"676",17,6,2021,28.6,0,27.8,29.5
"677",17,6,2022,27,0.1,26,28.8
"678",17,6,2023,25.9,0.1,25.1,27.5
"679",17,7,2018,29.9,0,29.3,30.6
"680",17,7,2019,26.7,0.1,26,28
"681",17,7,2020,28.3,0,26.7,29
"682",17,7,2021,18.6,0.2,15.9,21.6
"683",17,7,2022,30.3,0,28.7,31.2
"684",17,7,2023,19.9,0.1,18,22.7
"685",17,8,2018,23.7,0.1,21.1,26.2
"686",17,8,2019,28.7,0,28.1,29.6
"687",17,8,2020,30.7,0,30.6,30.9
"688",17,8,2021,25.2,0.1,23.1,27.5
"689",17,8,2022,31.2,0,31.1,31.3
"690",17,8,2023,21.9,0.1,20.4,23.8
"691",17,9,2018,28.3,0,27.6,29.3
"692",17,9,2019,29.8,0,29.4,30.5
"693",17,9,2020,31,0,30.9,31.3
"694",17,9,2021,22.7,0.1,21.1,25.5
"695",17,9,2022,30.5,0,29.9,30.9
"696",17,9,2023,22.7,0.1,21.2,24.7
"697",17,10,2018,23.9,0.1,22,25.5
"698",17,10,2019,30.6,0,30.4,30.9
"699",17,10,2020,31.2,0,30.9,31.7
"700",17,10,2021,28.5,0.1,26.4,30
"701",17,10,2022,28,0,27.3,28.7
"702",17,10,2023,26,0.1,24.9,27.5
"703",17,11,2018,10.6,0.2,7.1,12.6
"704",17,11,2019,25.3,0.1,23.9,27.6
"705",17,11,2020,29.9,0,29.3,31.2
"706",17,11,2021,18,0.1,15.9,20.8
"707",17,11,2022,25.6,0,23.6,26.5
"708",17,11,2023,25.3,0.1,24,27.7
"709",18,5,2018,24.1,0.1,22.2,26.7
"710",18,5,2019,20.3,0.1,18.4,23.2
"711",18,5,2020,21.8,0.1,20.6,23.3
"712",18,5,2021,24.3,0.1,23.2,25.8
"713",18,5,2022,25,0.1,23.5,27.4
"714",18,5,2023,21.4,0.1,19.6,24.1
"715",18,6,2018,29.1,0.1,28.2,30.2
"716",18,6,2019,23.4,0.1,21.9,25.7
"717",18,6,2020,28.9,0,28.6,29.6
"718",18,6,2021,28.7,0.1,27.9,29.7
"719",18,6,2022,27.3,0.1,25.7,28.9
"720",18,6,2023,25.4,0.1,24.1,27.3
"721",18,7,2018,29.6,0,29,30.3
"722",18,7,2019,26.8,0.1,26,28.1
"723",18,7,2020,28.3,0,27.2,29.1
"724",18,7,2021,19,0.2,16.3,22.2
"725",18,7,2022,30.5,0,28.6,31.2
"726",18,7,2023,19.4,0.1,17.9,21.7
"727",18,8,2018,23.4,0.1,20.9,25.9
"728",18,8,2019,28.8,0,28.2,29.6
"729",18,8,2020,30.7,0,30.4,30.9
"730",18,8,2021,25.6,0.1,24.1,27.8
"731",18,8,2022,31.2,0,31,31.4
"732",18,8,2023,22.2,0.1,20.6,24
"733",18,9,2018,27.8,0,26.7,28.7
"734",18,9,2019,29.9,0,29.5,30.6
"735",18,9,2020,31.2,0,31,31.5
"736",18,9,2021,23.1,0.1,21.4,25.6
"737",18,9,2022,30.6,0,29.8,30.9
"738",18,9,2023,23,0.1,21.3,25.3
"739",18,10,2018,23.8,0.1,22.5,24.8
"740",18,10,2019,30.1,0,29.7,30.5
"741",18,10,2020,31,0,30.7,31.4
"742",18,10,2021,28.7,0,28.2,29.7
"743",18,10,2022,27.4,0,26.7,28.1
"744",18,10,2023,25.9,0.1,24.9,27.6
"745",18,11,2018,10.8,0.2,8.6,13.6
"746",18,11,2019,26,0.1,24.4,28.4
"747",18,11,2020,30,0,28.6,31.1
"748",18,11,2021,18.9,0.2,16.5,22.2
"749",18,11,2022,24.8,0,24.2,25.5
"750",18,11,2023,25.6,0.1,24.3,27.8
"751",19,5,2018,24.4,0.1,22.6,26.7
"752",19,5,2019,20.6,0.1,18.7,23.4
"753",19,5,2020,22,0.1,20.8,23.5
"754",19,5,2021,24.6,0.1,23.3,26.2
"755",19,5,2022,25.3,0.1,23.9,27.7
"756",19,5,2023,22.1,0.1,20.5,24.6
"757",19,6,2018,28.2,0,27.6,29.1
"758",19,6,2019,23.7,0.1,22.1,25.8
"759",19,6,2020,29,0,28.7,29.7
"760",19,6,2021,28.9,0.1,26.6,30
"761",19,6,2022,27.5,0.1,26.6,28.9
"762",19,6,2023,24.6,0.1,23.7,26.5
"763",19,7,2018,29.5,0,28.8,30.2
"764",19,7,2019,27,0,26.3,28.1
"765",19,7,2020,28.4,0,27.1,29.3
"766",19,7,2021,19,0.2,16.5,22.1
"767",19,7,2022,30.4,0,28.6,31.2
"768",19,7,2023,18.9,0.1,16.7,21.2
"769",19,8,2018,23.6,0.1,21.7,26
"770",19,8,2019,28.9,0,28.4,29.6
"771",19,8,2020,30.7,0,30.4,30.9
"772",19,8,2021,25.9,0.1,24.3,27.9
"773",19,8,2022,31.2,0,31.2,31.4
"774",19,8,2023,22,0.1,20.7,23.8
"775",19,9,2018,26.4,0.1,23.9,27.8
"776",19,9,2019,29.9,0,29.6,30.4
"777",19,9,2020,31.3,0,30.3,31.5
"778",19,9,2021,23.5,0.1,21.8,25.9
"779",19,9,2022,30.6,0,30.5,30.9
"780",19,9,2023,21.6,0.1,18.4,24.2
"781",19,10,2018,23.5,0.1,21.9,25.4
"782",19,10,2019,29.4,0,29,29.9
"783",19,10,2020,31,0,30.7,31.4
"784",19,10,2021,28.7,0,28.1,29.7
"785",19,10,2022,26.2,0,25.7,26.9
"786",19,10,2023,25.9,0.1,24.9,27.5
"787",19,11,2018,11.5,0.2,8.8,14.6
"788",19,11,2019,25.9,0.1,24.5,27.7
"789",19,11,2020,30,0,29.4,31
"790",19,11,2021,19.1,0.1,17.3,21.7
"791",19,11,2022,24.4,0.1,22.5,25.5
"792",19,11,2023,25.6,0.1,24.5,27.4
"793",20,5,2018,24.7,0.1,23.2,26.9
"794",20,5,2019,20.9,0.1,19.4,23.7
"795",20,5,2020,22,0.1,20.5,23.7
"796",20,5,2021,24.8,0.1,23.7,26.4
"797",20,5,2022,25.7,0.1,24.3,27.8
"798",20,5,2023,22.6,0.1,21,25.1
"799",20,6,2018,28,0,26.9,29
"800",20,6,2019,23.9,0.1,22.3,26
"801",20,6,2020,29.1,0,28.7,29.8
"802",20,6,2021,29.1,0.1,28.3,30.3
"803",20,6,2022,27.6,0.1,25.2,28.9
"804",20,6,2023,23.8,0.1,22.6,25.6
"805",20,7,2018,29.4,0,28.6,30.2
"806",20,7,2019,27.2,0,26.5,28.3
"807",20,7,2020,28.5,0,27.2,29.4
"808",20,7,2021,18.3,0.2,16,21.8
"809",20,7,2022,30.5,0,29.1,31
"810",20,7,2023,18.6,0.1,16.7,20.7
"811",20,8,2018,23.5,0.1,21.3,25.8
"812",20,8,2019,28.8,0,28.2,29.4
"813",20,8,2020,30.7,0,30.6,30.9
"814",20,8,2021,26.1,0.1,24.7,28.1
"815",20,8,2022,31.3,0,31.2,31.4
"816",20,8,2023,21.7,0.1,20.2,23.3
"817",20,9,2018,24.9,0.1,22.3,27
"818",20,9,2019,29.8,0,29.5,30.4
"819",20,9,2020,31.3,0,31.1,31.5
"820",20,9,2021,24,0.1,22.3,26.4
"821",20,9,2022,30.5,0,30.4,30.7
"822",20,9,2023,18.9,0.1,17.1,20.3
"823",20,10,2018,23.9,0.1,22.2,25.9
"824",20,10,2019,28.9,0,28.7,29.3
"825",20,10,2020,30.9,0,30.6,31.4
"826",20,10,2021,28.7,0,28.1,29.8
"827",20,10,2022,25.6,0,25,26
"828",20,10,2023,25.9,0.1,22.9,27.8
"829",20,11,2018,11.8,0.3,9.2,15.4
"830",20,11,2019,25.9,0.1,24.6,27.9
"831",20,11,2020,29.9,0,29.5,31
"832",20,11,2021,19.1,0.1,17.1,22.2
"833",20,11,2022,24.3,0.1,23.5,25.9
"834",20,11,2023,25.6,0.1,24.6,27.2
"835",21,5,2018,24.7,0.1,23.2,26.5
"836",21,5,2019,21.4,0.1,19.8,23.8
"837",21,5,2020,22.3,0.1,21.1,24.2
"838",21,5,2021,25.1,0.1,24.1,26.8
"839",21,5,2022,25.8,0.1,24.6,28
"840",21,5,2023,22.7,0.1,21.2,25.6
"841",21,6,2018,28.2,0,27.6,29.1
"842",21,6,2019,24.1,0.1,22.8,26.2
"843",21,6,2020,29.3,0,28.8,30
"844",21,6,2021,29.3,0.1,28.5,30.6
"845",21,6,2022,27.5,0.1,23.8,28.9
"846",21,6,2023,23.4,0.1,22.5,24.9
"847",21,7,2018,29.4,0,28.6,30.1
"848",21,7,2019,27.3,0,26.6,28.3
"849",21,7,2020,28.7,0,28,29.5
"850",21,7,2021,18.3,0.2,16,21.7
"851",21,7,2022,30.6,0,30.3,31
"852",21,7,2023,18.8,0.1,16.5,20.8
"853",21,8,2018,23.4,0.1,21.1,25.9
"854",21,8,2019,28.8,0,28.3,29.4
"855",21,8,2020,30.7,0,30.6,30.9
"856",21,8,2021,26.4,0.1,25,28.4
"857",21,8,2022,31.3,0,31.2,31.4
"858",21,8,2023,21.6,0.1,19.6,23.2
"859",21,9,2018,23.6,0.1,20.2,26.4
"860",21,9,2019,29.9,0,29.6,30.4
"861",21,9,2020,31.5,0,31.2,31.7
"862",21,9,2021,24.3,0.1,22.6,26.4
"863",21,9,2022,30.4,0,30.4,30.7
"864",21,9,2023,17.2,0.1,14.7,18.8
"865",21,10,2018,24,0.1,22.6,25.7
"866",21,10,2019,28.6,0,28.4,29.3
"867",21,10,2020,30.8,0,30.4,31.3
"868",21,10,2021,28.7,0,28.1,29.7
"869",21,10,2022,25.1,0,24.8,25.5
"870",21,10,2023,26.1,0.1,25,27.8
"871",21,11,2019,25.9,0.1,24.6,27.7
"872",21,11,2020,29.9,0,29.5,30.8
"873",21,11,2021,19.7,0.1,17.5,22.8
"874",21,11,2022,24.1,0.1,23.2,25.7
"875",21,11,2023,25.8,0.1,24.5,27.4
"876",22,5,2018,24.8,0.1,23.6,26.4
"877",22,5,2019,21.5,0.1,19.9,23.8
"878",22,5,2020,22.7,0.1,21.5,24.6
"879",22,5,2021,25.5,0.1,24.4,27.5
"880",22,5,2022,25.8,0.1,24.7,27.7
"881",22,5,2023,21.9,0.1,20.3,24.2
"882",22,6,2018,28.4,0,28,29.2
"883",22,6,2019,24,0.1,22.4,25.7
"884",22,6,2020,29.4,0,29,30.1
"885",22,6,2021,29.6,0,28.8,30.6
"886",22,6,2022,27.9,0.1,26.1,29.2
"887",22,6,2023,23.1,0.1,22,24.5
"888",22,7,2018,29.4,0,28.8,30.1
"889",22,7,2019,27.4,0,26.7,28.2
"890",22,7,2020,28.9,0,28.3,29.7
"891",22,7,2021,18.3,0.2,15.9,22.2
"892",22,7,2022,30.5,0,30.2,30.9
"893",22,7,2023,19,0.1,16.6,21.1
"894",22,8,2018,23.5,0.1,21.6,25.5
"895",22,8,2019,28.7,0,28.3,29.3
"896",22,8,2020,30.8,0,30.7,31
"897",22,8,2021,26.7,0.1,25.2,28.6
"898",22,8,2022,31.3,0,31.1,31.3
"899",22,8,2023,22,0.1,20.8,23.7
"900",22,9,2018,23.5,0.1,21.6,25.9
"901",22,9,2019,29.9,0,29.6,30.5
"902",22,9,2020,31.6,0,31,31.8
"903",22,9,2021,24.7,0.1,23.2,26.8
"904",22,9,2022,30.3,0,30,30.7
"905",22,9,2023,16.5,0.1,14.4,18.8
"906",22,10,2018,24.2,0.1,22.5,26
"907",22,10,2019,28.4,0,28,29.3
"908",22,10,2020,30.7,0,30.5,31.2
"909",22,10,2021,28.6,0,28,29.7
"910",22,10,2022,25,0,24.8,25.7
"911",22,10,2023,25.5,0,24.6,26.4
"912",22,11,2019,26,0.1,24.7,27.9
"913",22,11,2020,29.9,0,29.6,30.6
"914",22,11,2021,20.2,0.1,18,23.1
"915",22,11,2022,24.4,0.1,23.3,26.4
"916",22,11,2023,26,0.1,24.4,28
"917",23,5,2018,25,0.1,23.7,26.5
"918",23,5,2019,21.8,0.1,20.3,24.1
"919",23,5,2020,23.2,0.1,21.8,25.1
"920",23,5,2021,26,0.1,24.6,28.1
"921",23,5,2022,25.7,0.1,24.7,27.4
"922",23,5,2023,21,0.1,19,23.2
"923",23,6,2018,28.5,0,28.1,29.2
"924",23,6,2019,23.8,0.1,22.5,25.4
"925",23,6,2020,29.4,0,29.1,30.1
"926",23,6,2021,29.8,0,29.1,30.8
"927",23,6,2022,28.1,0.1,26.6,29.4
"928",23,6,2023,23,0.1,22.1,24.4
"929",23,7,2018,29.3,0,28.6,30
"930",23,7,2019,27.3,0,26.6,28.1
"931",23,7,2020,29,0,28.4,29.9
"932",23,7,2021,18.8,0.2,16.6,22.6
"933",23,7,2022,30.5,0,30.2,30.9
"934",23,7,2023,19.2,0.1,17.1,21.1
"935",23,8,2018,23.7,0.1,22.1,25.8
"936",23,8,2019,28.7,0,28.3,29.3
"937",23,8,2020,30.8,0,30.7,31
"938",23,8,2021,26.6,0.1,25.1,28.6
"939",23,8,2022,31.1,0,31,31.2
"940",23,8,2023,22.3,0.1,20.9,24.2
"941",23,9,2018,23.5,0.1,21.2,25.9
"942",23,9,2019,30,0,29.7,30.5
"943",23,9,2020,31.7,0,31.6,31.8
"944",23,9,2021,25.1,0.1,23.6,27.2
"945",23,9,2022,30,0,29.8,30.6
"946",23,9,2023,16.5,0.1,14.1,19.3
"947",23,10,2018,24.3,0.1,19.6,26.6
"948",23,10,2019,28.2,0,27.7,29
"949",23,10,2020,30.7,0,30.5,31.1
"950",23,10,2021,28.5,0,28.1,29.6
"951",23,10,2022,25.1,0,24.7,26.3
"952",23,10,2023,24.9,0.1,24,26.1
"953",23,11,2019,26,0.1,24.7,27.7
"954",23,11,2020,29.9,0,29.2,30.8
"955",23,11,2021,20.4,0.1,18.8,22.9
"956",23,11,2022,24.9,0.1,23.5,27.4
"957",23,11,2023,25.2,0.1,24,27.1
"958",24,5,2018,25.1,0.1,24.1,26.8
"959",24,5,2019,22.2,0.1,20.7,24.3
"960",24,5,2020,23.7,0.1,22.1,25.6
"961",24,5,2021,26.4,0.1,25.1,28.2
"962",24,5,2022,25.7,0.1,24.7,27.1
"963",24,5,2023,20.7,0.1,18.8,22.6
"964",24,6,2018,28.6,0,28.1,29.2
"965",24,6,2019,23.7,0.1,22.3,25
"966",24,6,2020,29.4,0.1,27.6,30.1
"967",24,6,2021,29.9,0,29.2,30.9
"968",24,6,2022,27.8,0.1,24.7,29.3
"969",24,6,2023,23,0.1,21.8,24.5
"970",24,7,2018,29.2,0,28.4,30.1
"971",24,7,2019,26.9,0,26.4,27.7
"972",24,7,2020,29.1,0,27.2,29.9
"973",24,7,2021,19.4,0.2,17.1,23.4
"974",24,7,2022,30.5,0,30.3,30.9
"975",24,7,2023,19.4,0.1,17.2,21.3
"976",24,8,2018,23.5,0.1,22,25.7
"977",24,8,2019,28.8,0,28.6,29.3
"978",24,8,2020,30.8,0,30.6,31
"979",24,8,2021,26,0.1,24.1,28.3
"980",24,8,2022,30.9,0,30.8,31.2
"981",24,8,2023,22.5,0.1,20.8,24.6
"982",24,9,2018,24,0.1,22,26.3
"983",24,9,2019,30.1,0,29.8,30.7
"984",24,9,2020,31.6,0,30.5,31.8
"985",24,9,2021,25.5,0.1,24.1,27.4
"986",24,9,2022,29.7,0,29.5,30.1
"987",24,9,2023,17,0.2,14.8,20.1
"988",24,10,2018,24.8,0.1,20.9,26.9
"989",24,10,2019,27.5,0,27,28.4
"990",24,10,2020,30.7,0,30.5,31
"991",24,10,2021,28.4,0,27.9,29.3
"992",24,10,2022,25.4,0.1,24.8,27.1
"993",24,10,2023,24.2,0.1,23,26
"994",24,11,2019,26.3,0.1,24.9,28.7
"995",24,11,2020,29.2,0,28.8,29.8
"996",24,11,2021,20.3,0.1,18.5,22.6
"997",24,11,2022,25.5,0.1,23.9,28.5
"998",24,11,2023,24,0.1,21.9,25.9
"999",25,5,2018,25.2,0.1,24.1,26.9
"1000",25,5,2019,22.2,0.1,20.8,24.1
"1001",25,5,2020,24,0.1,22.6,25.9
"1002",25,5,2021,27,0.1,25.6,28.9
"1003",25,5,2022,25.7,0.1,24.7,27.2
"1004",25,5,2023,20.8,0.1,19.4,22.8
"1005",25,6,2018,28.8,0.1,27.6,30
"1006",25,6,2019,23.7,0.1,20.1,25
"1007",25,6,2020,29.6,0,29.2,30.1
"1008",25,6,2021,30.1,0,29.5,31.1
"1009",25,6,2022,28.1,0.1,26.4,29.3
"1010",25,6,2023,23.2,0.1,22.1,24.5
"1011",25,7,2018,29.3,0,28.4,30.1
"1012",25,7,2019,26.6,0,25.9,27.2
"1013",25,7,2020,29.2,0,28.6,30
"1014",25,7,2021,20.3,0.2,17.8,24.1
"1015",25,7,2022,30.5,0,29,30.9
"1016",25,7,2023,19.8,0.1,17.8,21.7
"1017",25,8,2018,23.6,0.1,22,25.8
"1018",25,8,2019,28.8,0,28.6,29.4
"1019",25,8,2020,30.8,0,30.7,31
"1020",25,8,2021,25,0.1,23.7,26.8
"1021",25,8,2022,30.8,0,30.8,31.1
"1022",25,8,2023,22.9,0.1,21.5,24.8
"1023",25,9,2018,24.4,0.1,22.5,26.7
"1024",25,9,2019,30.1,0,29.9,30.8
"1025",25,9,2020,31.7,0,31.6,31.8
"1026",25,9,2021,25.7,0.1,24.5,27.4
"1027",25,9,2022,29.6,0,29.3,30.4
"1028",25,9,2023,17.6,0.2,15.1,21.4
"1029",25,10,2018,24.7,0.1,22.6,26.9
"1030",25,10,2019,26.9,0,26.2,28.2
"1031",25,10,2020,30.4,0.1,26,30.7
"1032",25,10,2021,28.3,0,26.9,29.3
"1033",25,10,2022,25.8,0.1,24.8,27.8
"1034",25,10,2023,23.9,0.1,22.7,26
"1035",25,11,2019,26.1,0.1,24.5,28.4
"1036",25,11,2020,28.6,0,27.8,29.4
"1037",25,11,2021,20.6,0.1,18.3,22.9
"1038",25,11,2022,26.2,0.1,24.6,29.5
"1039",25,11,2023,23.2,0.1,19.8,25.4
"1040",26,5,2018,25.4,0.1,24.3,26.9
"1041",26,5,2019,22.3,0.1,21,23.8
"1042",26,5,2020,24.4,0.1,23.1,26.5
"1043",26,5,2021,27.4,0.1,26.1,29.2
"1044",26,5,2022,25.7,0.1,24.8,27.1
"1045",26,5,2023,20.6,0.1,18.8,22.5
"1046",26,6,2018,29.5,0,28.9,30.2
"1047",26,6,2019,23.8,0.1,22.9,25.1
"1048",26,6,2020,29.7,0,29.3,30.2
"1049",26,6,2021,30.3,0,29.2,31.2
"1050",26,6,2022,28.2,0.1,26,29.4
"1051",26,6,2023,23.3,0.1,22.1,24.7
"1052",26,7,2018,29.1,0.1,28.1,30.1
"1053",26,7,2019,26.3,0,25.6,27.1
"1054",26,7,2020,29.3,0,28.7,30
"1055",26,7,2021,20.9,0.2,18.9,24.5
"1056",26,7,2022,30.5,0,30.2,30.9
"1057",26,7,2023,20.3,0.1,18.5,22.4
"1058",26,8,2018,23.9,0.1,22.4,25.9
"1059",26,8,2019,28.8,0,28.6,29.6
"1060",26,8,2020,30.9,0,30.7,31.1
"1061",26,8,2021,24.3,0.1,23.3,25.8
"1062",26,8,2022,30.8,0,30.7,31
"1063",26,8,2023,22.8,0.1,21.7,24.5
"1064",26,9,2018,24.6,0.1,22.4,27
"1065",26,9,2019,30.2,0,29.9,30.8
"1066",26,9,2020,31.7,0,31.6,31.8
"1067",26,9,2021,25.9,0.1,24.7,27.3
"1068",26,9,2022,29.6,0,29.3,30.5
"1069",26,9,2023,18.2,0.2,15.9,21.9
"1070",26,10,2018,24.6,0.1,23,26.8
"1071",26,10,2019,26.8,0.1,25.9,28.3
"1072",26,10,2020,30.4,0,30.3,30.7
"1073",26,10,2021,28.4,0,28,29.3
"1074",26,10,2022,26.2,0.1,25,28.5
"1075",26,10,2023,24,0.1,22.9,26.1
"1076",26,11,2019,25.4,0.1,23.9,28.2
"1077",26,11,2020,28.2,0,27.5,29.3
"1078",26,11,2021,21.2,0.1,18.7,23.5
"1079",26,11,2022,26.5,0.1,25.1,29
"1080",26,11,2023,23.1,0.1,21.7,25.8
"1081",27,5,2018,25.6,0.1,24.7,27.2
"1082",27,5,2019,22.5,0.1,21.5,23.9
"1083",27,5,2020,24.7,0.1,23.5,26.6
"1084",27,5,2021,27.8,0.1,26.8,29.5
"1085",27,5,2022,25.9,0.1,24.8,27.4
"1086",27,5,2023,20.4,0.1,18.8,22
"1087",27,6,2018,29.4,0,28.8,30.2
"1088",27,6,2019,23.8,0.1,21.5,25.1
"1089",27,6,2020,29.7,0,29.4,30.2
"1090",27,6,2021,30.5,0,29.7,31.3
"1091",27,6,2022,28.4,0,26.5,29.5
"1092",27,6,2023,23.3,0.1,22,24.5
"1093",27,7,2018,28.7,0.1,27.8,29.8
"1094",27,7,2019,26.2,0,25.3,27.4
"1095",27,7,2020,29.5,0,29,30.1
"1096",27,7,2021,21.5,0.1,19.5,24.5
"1097",27,7,2022,30.3,0.1,28.1,30.9
"1098",27,7,2023,20.8,0.1,19.1,23.3
"1099",27,8,2018,24.4,0.1,22.8,26.2
"1100",27,8,2019,28.9,0,28.5,29.8
"1101",27,8,2020,30.9,0,30.8,31.1
"1102",27,8,2021,24.1,0.1,23.2,25.5
"1103",27,8,2022,30.8,0,30.7,31.1
"1104",27,8,2023,22.6,0.1,21.8,24.6
"1105",27,9,2018,24.3,0.1,22.1,26.6
"1106",27,9,2019,30.3,0,30,30.9
"1107",27,9,2020,31.7,0,31.7,31.8
"1108",27,9,2021,25.9,0.1,24.8,27.3
"1109",27,9,2022,29.6,0,29.3,30.5
"1110",27,9,2023,18.8,0.2,16.4,21.8
"1111",27,10,2018,24.8,0.1,23,27.7
"1112",27,10,2019,26.8,0.1,25.8,28.8
"1113",27,10,2020,30.3,0,30.2,30.6
"1114",27,10,2021,28.3,0,28,28.8
"1115",27,10,2022,26.5,0.1,25.2,28.4
"1116",27,10,2023,24.3,0.1,22.1,26.5
"1117",27,11,2019,25.1,0.1,23.5,27.7
"1118",27,11,2020,27.8,0.1,26.9,29.2
"1119",27,11,2021,21.1,0.1,19.6,22.6
"1120",27,11,2022,27.1,0.1,25.5,30.1
"1121",27,11,2023,23.5,0.1,21.7,26.4
"1122",28,5,2018,25.8,0.1,24.7,27.3
"1123",28,5,2019,22.6,0.1,21.6,24.1
"1124",28,5,2020,25,0.1,23.8,26.6
"1125",28,5,2021,28.1,0.1,26.6,29.7
"1126",28,5,2022,26.1,0.1,24.7,27.6
"1127",28,5,2023,20.5,0.1,19.2,22
"1128",28,6,2018,29.3,0,28.4,30.1
"1129",28,6,2019,23.7,0.1,22.8,25.1
"1130",28,6,2020,29.8,0,29.1,30.3
"1131",28,6,2021,30.5,0,29,31.2
"1132",28,6,2022,28.6,0,27.6,29.6
"1133",28,6,2023,22.7,0,21.3,23.5
"1134",28,7,2018,28.4,0.1,26.9,29.6
"1135",28,7,2019,26.2,0.1,24.9,27.6
"1136",28,7,2020,29.5,0,29.1,30.2
"1137",28,7,2021,21.5,0.1,19.4,24.3
"1138",28,7,2022,30.5,0,30,30.9
"1139",28,7,2023,21.3,0.1,19.6,24
"1140",28,8,2018,24.8,0.1,23.4,26.6
"1141",28,8,2019,29,0,28.6,29.8
"1142",28,8,2020,31,0,30.7,31.2
"1143",28,8,2021,24.2,0.1,23.2,25.6
"1144",28,8,2022,30.8,0,30.7,31
"1145",28,8,2023,22.7,0.1,21.7,25.1
"1146",28,9,2018,23.9,0.1,21.3,26.1
"1147",28,9,2019,30.5,0,30.1,31
"1148",28,9,2020,31.7,0,31.7,31.8
"1149",28,9,2021,25.9,0.1,25,27.3
"1150",28,9,2022,29.6,0,29.3,30.5
"1151",28,9,2023,19.8,0.2,16.5,22.8
"1152",28,10,2018,24.6,0.1,22.1,26.9
"1153",28,10,2019,26.8,0.1,25.2,28.6
"1154",28,10,2020,30.3,0,30.1,30.7
"1155",28,10,2021,27.8,0,27.2,28.1
"1156",28,10,2022,26.5,0.1,25.5,28.6
"1157",28,10,2023,24.7,0.1,22.8,26.9
"1158",28,11,2019,25.1,0.1,23.6,27.3
"1159",28,11,2020,27.5,0.1,26.6,28.9
"1160",28,11,2021,21,0.1,19.3,23.1
"1161",28,11,2022,27,0.1,25.8,28.9
"1162",28,11,2023,23.1,0.1,21.7,25.4
"1163",29,5,2018,25.9,0.1,24.8,27.5
"1164",29,5,2019,22.9,0.1,22.1,24.4
"1165",29,5,2020,25.3,0.1,23.9,26.8
"1166",29,5,2021,28.4,0.1,27.5,29.8
"1167",29,5,2022,26,0.1,24.3,27.7
"1168",29,5,2023,20.8,0.1,19.4,22.7
"1169",29,6,2018,28.9,0.1,27.8,30
"1170",29,6,2019,23.7,0.1,22.4,25.2
"1171",29,6,2020,29.8,0,29.2,30.3
"1172",29,6,2021,30.6,0,30.1,31.2
"1173",29,6,2022,28.7,0,28.2,29.5
"1174",29,6,2023,21.9,0,20.6,22.9
"1175",29,7,2018,27.7,0.1,25.8,29.2
"1176",29,7,2019,26.4,0.1,25.5,27.8
"1177",29,7,2020,29.6,0,29.2,30.3
"1178",29,7,2021,21.5,0.1,19.4,23.9
"1179",29,7,2022,30.6,0,30,31
"1180",29,7,2023,22.1,0.1,20.3,25.4
"1181",29,8,2018,25.2,0.1,23.9,26.9
"1182",29,8,2019,28.8,0,28.3,29.9
"1183",29,8,2020,31,0,30.8,31.1
"1184",29,8,2021,24.3,0.1,23.1,25.7
"1185",29,8,2022,30.8,0,30.7,31
"1186",29,8,2023,23.1,0.1,21.8,25.3
"1187",29,9,2018,23.4,0.1,21.1,25.6
"1188",29,9,2019,30.6,0,30.2,31.1
"1189",29,9,2020,31.7,0,30,31.9
"1190",29,9,2021,26.1,0.1,24.5,27.3
"1191",29,9,2022,29.6,0,29.3,30.6
"1192",29,9,2023,20.9,0.2,18.7,24
"1193",29,10,2018,23.6,0.1,21.9,26.2
"1194",29,10,2019,25.9,0.1,24.7,27.7
"1195",29,10,2020,30.2,0,29.9,30.7
"1196",29,10,2021,26.8,0,25.9,27.3
"1197",29,10,2022,26.5,0.1,25.6,28.4
"1198",29,10,2023,24.9,0.1,23.6,27.3
"1199",29,11,2019,24.7,0.1,22.9,26.9
"1200",29,11,2020,27.4,0.1,26.4,28.7
"1201",29,11,2021,21.4,0.1,19.3,23.6
"1202",29,11,2022,26.7,0.1,25.6,28.6
"1203",29,11,2023,22.4,0.1,20.9,24.5
"1204",30,5,2018,25.9,0.1,24.9,27.6
"1205",30,5,2019,22.6,0.1,21.2,24.2
"1206",30,5,2020,25.6,0.1,24.7,27.1
"1207",30,5,2021,28.4,0.1,26.8,29.7
"1208",30,5,2022,26.6,0.1,25.9,27.7
"1209",30,5,2023,21.2,0.1,19.6,23.2
"1210",30,6,2018,28.4,0.1,27.1,29.6
"1211",30,6,2019,23.9,0.1,22.9,25.3
"1212",30,6,2020,29.7,0,29.4,30.2
"1213",30,6,2021,30.7,0,30.2,31.2
"1214",30,6,2022,28.8,0,28.4,29.6
"1215",30,6,2023,21.3,0.1,20.5,22.8
"1216",30,7,2018,26.8,0.1,25.4,28.1
"1217",30,7,2019,26.7,0.1,25.8,28.1
"1218",30,7,2020,29.7,0,29.4,30.4
"1219",30,7,2021,21.1,0.1,19.1,23.5
"1220",30,7,2022,30.6,0,29.7,31
"1221",30,7,2023,22.9,0.1,21.2,25.6
"1222",30,8,2018,25.7,0.1,24.2,27.4
"1223",30,8,2019,28.5,0.1,27.8,29.7
"1224",30,8,2020,30.9,0,30.8,31.1
"1225",30,8,2021,24.4,0.1,23.3,26.1
"1226",30,8,2022,30.8,0,30.7,31
"1227",30,8,2023,23.7,0.1,22.2,26.3
"1228",30,9,2018,23.3,0.1,21.4,25.7
"1229",30,9,2019,30.7,0,30.4,31.2
"1230",30,9,2020,31.7,0,31.6,31.9
"1231",30,9,2021,26.2,0.1,25.2,27.4
"1232",30,9,2022,29.7,0,29.3,30.7
"1233",30,9,2023,21.8,0.2,19.7,25
"1234",30,10,2018,22.9,0.1,21.2,25
"1235",30,10,2019,25.5,0.1,24.3,27.4
"1236",30,10,2020,30.1,0,29.9,30.7
"1237",30,10,2021,26.2,0,25.6,26.9
"1238",30,10,2022,26.5,0.1,25.6,28.5
"1239",30,10,2023,25.1,0.1,24,27.5
"1240",30,11,2019,24,0.1,22.4,25.8
"1241",30,11,2020,27.2,0.1,26.5,28.9
"1242",30,11,2021,21.5,0.1,19.9,23.7
"1243",30,11,2022,26.5,0.1,25.4,28.5
"1244",30,11,2023,22.2,0.1,20.9,24.7
"1245",31,5,2018,26.2,0.1,25.1,27.5
"1246",31,5,2019,22.4,0.1,21.1,24.1
"1247",31,5,2020,25.9,0.1,24.9,27.4
"1248",31,5,2021,28.1,0.1,26.2,29.6
"1249",31,5,2023,21.4,0.1,20.2,23.9
"1250",31,7,2018,26.3,0.1,25,27.7
"1251",31,7,2019,27,0.1,26,28.5
"1252",31,7,2020,29.8,0,28.3,30.3
"1253",31,7,2021,19.8,0.1,18.5,21.1
"1254",31,7,2022,30.5,0,27.7,31
"1255",31,7,2023,23.5,0.1,21.8,26.1
"1256",31,8,2018,26,0.1,24.3,27.7
"1257",31,8,2019,28.2,0.1,27.6,29.5
"1258",31,8,2020,30.9,0,30.8,31.1
"1259",31,8,2021,24.5,0.1,23.3,26.1
"1260",31,8,2022,30.7,0,30.6,31
"1261",31,8,2023,23.9,0.1,22.5,26.4
"1262",31,10,2018,22.2,0.1,20,24.7
"1263",31,10,2019,25.3,0.1,24.2,27.5
"1264",31,10,2020,30,0,29.6,30.5
"1265",31,10,2021,24.2,0.2,20.2,26
"1266",31,10,2022,26.7,0.1,25.7,28.6
"1267",31,10,2023,24.9,0.1,23.4,27
